Participant,delta_MeanActiveJoints
101,0.6400985550912806
508,-0.12558066390295242
615,0.3182954987890785
631,2.297470898296196
762,0.5136037249551153
863,1.0829736234554455
892,1.0954828783939794
