Participant,Delta_Spine3_LeftShoulder_LeftArm_Angle_STD,Delta_Spine3_RightShoulder_RightArm_Angle_STD,Delta_LeftShoulder_LeftArm_LeftForeArm_Angle_STD,Delta_RightShoulder_RightArm_RightForeArm_Angle_STD,Delta_Hips_LeftUpLeg_LeftLeg_Angle_STD,Delta_Hips_RightUpLeg_RightLeg_Angle_STD,Delta_LeftUpLeg_LeftLeg_LeftFoot_Angle_STD,Delta_RightUpLeg_RightLeg_RightFoot_Angle_STD,Delta_Hips_Spine1_Spine3_Angle_STD,Delta_Spine1_Spine3_Head_Angle_STD
101,24.35898558490177,34.21601725842925,-18.225487909697037,-30.859793167161854,1.9445289542648005,3.7483743358647565,14.224503846921976,15.41520594854994,0.11766844451083003,1.68733129665992
508,-0.9440866874456937,-5.396525014859662,7.293003017116575,17.855767993632597,-1.849584136150387,-0.30441879686412676,-52.544626217870956,-52.170916519900814,-1.6747975654035443,2.4078809349671673
615,-5.594149503998736,11.540952624367105,5.505667049480621,7.146788158820286,5.491471753502651,4.368018902974015,19.466021866540444,23.3871857044845,5.836228192160608,-1.0853091944974729
631,16.293872416671775,15.135113649663465,91.54752771318289,116.22805591461592,15.359849434192816,12.23563230288995,68.61631428684322,26.621491658685486,15.329098554324286,8.30117094907511
762,11.8191559671234,18.521296196529036,-5.9538227726894775,-21.231498402860538,5.024849078477494,2.786728045849223,0.23075668279973627,11.162885684035786,3.944800389965934,4.847830184351256
863,11.340699044866557,9.043353964701705,16.470640057785467,14.72648071187875,6.581442903632514,9.09413505714766,31.24749449690693,20.948129596531594,6.205436248221133,5.50420071267402
892,25.96989500219196,30.57276221512311,55.0131563640562,60.72828303931767,11.63154774955088,12.666896631901007,-0.4106279867910274,3.5226078420321585,12.082202256334142,11.835502006193824
