Participant,Delta_Spine3_LeftShoulder_LeftArm_Angle_CV,Delta_Spine3_RightShoulder_RightArm_Angle_CV,Delta_LeftShoulder_LeftArm_LeftForeArm_Angle_CV,Delta_RightShoulder_RightArm_RightForeArm_Angle_CV,Delta_Hips_LeftUpLeg_LeftLeg_Angle_CV,Delta_Hips_RightUpLeg_RightLeg_Angle_CV,Delta_LeftUpLeg_LeftLeg_LeftFoot_Angle_CV,Delta_RightUpLeg_RightLeg_RightFoot_Angle_CV,Delta_Hips_Spine1_Spine3_Angle_CV,Delta_Spine1_Spine3_Head_Angle_CV
101,0.051814359472926313,0.07671252151647441,-0.058406127023503784,-0.12588300537117308,-0.012004423362831307,-0.0159189626534407,-0.1205809638467722,-0.043241628789760345,-0.1915316217868407,-0.08803667655040814
508,0.04840074692104039,-0.005431535698750309,0.15570587666763142,0.0974726350946297,0.07326862327060218,0.044220101658985,-0.12166042352600703,-0.09157660778047738,-0.06255668267775372,0.028657893534745404
615,0.015738408202015497,0.0385100190348653,0.027073513801561505,0.050190598710563916,0.018905411127296795,0.0100565806599092,0.18143170071243414,0.04703347690231141,0.3223985164111013,-0.03818954058349111
631,0.029687547553204005,0.021408923846231498,0.1455001155534436,0.19228209961985082,0.021666247100720598,0.0381366618081958,-0.060621292091770806,0.15976858024391338,-0.41854478432987774,-0.14208930578813528
762,0.028489607774830505,0.0160923720084743,-0.039027540848476094,-0.0894071110274641,-0.0022807350670926013,-0.0008625091672058993,-0.10749031157533206,-0.05643941400812924,-0.2423925304270088,-0.021108601513969316
863,0.01938725109245021,0.019777424200647806,0.07332402331592389,0.0243978446662223,0.027526218823131998,0.03081538369239381,0.010976659282908363,-0.07448643815225775,-0.006614396536795741,-0.0780468520136759
892,0.03788229378603321,0.0527475330424039,0.02318293298161339,0.05731982485520451,0.036069939067307905,0.036502336174906294,-0.045939616353859736,-0.026271605979406976,-0.11261248905745047,0.08488113301243522
