Participant,Session,y_true,y_score
101,First,0,0.46919861619089215
101,Last,1,0.6228715405751036
508,First,0,0.5901382223157648
508,Last,1,0.8674288538276325
615,First,0,0.43535901040193914
615,Last,1,0.5802887216962537
631,First,0,0.004477275888053135
631,Last,1,0.11998376978876545
762,First,0,0.7261495651999887
762,Last,1,0.8577329677265361
863,First,0,0.29000800887254785
863,Last,1,0.5440716675378976
892,First,0,0.3194063736596771
892,Last,1,0.8347658599033047
